,m,bits,error
0,1,5,0.06637542648914009
1,2,5,0.0790815589875067
2,3,5,0.08364627948812378
3,4,5,0.08955671416724206
4,5,5,0.08998325111253237
5,6,5,0.08972878674581843
6,7,5,0.08927164212099799
7,8,5,0.08943206250922561
8,9,5,0.09149034885368884
9,10,5,0.08841296280645111
10,30,5,0.08762589961759575
11,50,5,0.08809425250731584
12,75,5,0.0893590007381813
13,100,5,0.08969045293960992
14,150,5,0.09103350219199062
15,200,5,0.0921272948948391
