,c_alpha,GPFQ
0,1,0.403608518541262
1,2,0.21824715094582717
2,3,0.1287539031320759
3,4,0.07956835645230859
4,5,0.050799141118863356
5,6,0.03372386503618909
