,c_alpha,GPFQ
0,7,0.023050702499329844
1,8,0.01666779674766572
2,9,0.012415140222321036
3,10,0.009616713739326118
