,c_alpha,GPFQ
0,7,0.058494478539413905
1,8,0.05798704004109889
2,9,0.06843115778006237
3,10,0.07843811573247546
