,c_alpha,GPFQ
0,1,0.9985448885656191
1,2,0.9192536922416598
2,3,0.4406475866474802
3,4,0.1724842169248264
4,5,0.09628750055462872
5,6,0.06101343868025155
