,c_alpha,GPFQ
0,1,0.73952627185819
1,2,0.3303167475636109
2,3,0.1363914513060846
3,4,0.0659782676133422
4,5,0.03687657053085597
5,6,0.02427664374665552
