,c_alpha,GPFQ
0,7,0.01856634623651657
1,8,0.016439097624059908
2,9,0.016064903667214834
3,10,0.016200380380352156
