,m,bits,error
0,1,5,0.003353070507223842
1,2,5,0.005648610245550301
2,3,5,0.006197430806761216
3,4,5,0.006000207893452887
4,5,5,0.005960628763632219
5,6,5,0.006055714184156635
6,7,5,0.007333542745082208
7,8,5,0.007076894880171229
8,9,5,0.007260794334200874
9,10,5,0.007386844454110899
10,30,5,0.011261855871865543
11,50,5,0.014665184592917912
12,75,5,0.01749289510247999
13,100,5,0.020207874564150862
14,150,5,0.02514965391931138
15,200,5,0.029246859319716222
